path	git_blob_sha1	bytes	sha256
patches/common/0001-add-h265-bit-depths.patch	378c9614e98564eb44fa01919406c4ede4fdec7a	4131	add8a504f2f033432ea70bd3576315c64d2010cb16f6c4a04be76eaf20ee21b8
patches/common/0001-add-spirv_compiler-to-avfilter_suggest.patch	25e524368ae4879b5c1f7736ca2f9e0fd2efbd91	958	845d371d2a2df9f1a0237fc2f27e0221882e6fd3412ba8a7fa2e15c6a92653c5
patches/common/0001-avfilter-vf_scale_d3d11-ensure-guids-are-defined.patch	597190f0af774cf4e51fb0839aa1188a35ae72ae	746	ca2abf02a094e3851cb8719e6788c4c140e1063004b3ee59e01c8976b04c2ef8
patches/common/0001-lavfi-fix-undefined-ff_vk_shader_print-if-vulkan-fil.patch	943a5450865fbd617dc0ebb7ce88ccfd58456f7c	1057	5c50a2ca30c8d589462d6339fe9a938702f234e03aeb3d2fbb5c7ae78a7b0b0b
patches/common/0001-lavu-monotonic-av_gettime_relative-for-msvc.patch	ad2479aa0b04f4b10f15aa05fea74bab62666d79	1043	da53d281af17c5e0206f9b42145c321fb02b99916e89cde38f4fa7f9076905e1
patches/master/0001-use-CreateMutexEx-instead-of-CreateMutex-to-fix-win8.patch	86d9ef674121efd5963588445334523715880e1a	1353	e617086876d09b51642cb579c65860810c434e05f2a36575ab3758fc63becf76
patches/master/0002-mmal-enable-0-copy-for-egl-interop.patch	0ee02677abfef739c0dd703499154aa56bf06001	1562	2ab5be6b901faeb2299baa21410c9946c5f8bea15fed7a8a9d666784724c8cd1
patches/master/0003-configure-fix-mmal-probing-in-cross-build.patch	f04ca901a14dd3b54e7099ea06484d27749feb47	2003	fd53dd4f5c5a49acf3e1051c5ff39609499250d501aa66f51a941a5e202a2414
patches/master/0004-videotoolbox-check-runtime-availability.patch	14d9210da5b9bf237561b3503215390ff59a9a36	3461	96a1974335285ab0110aea7e17a559f0a68ceacaf6e5e9dd4404125238b74a59
patches/master/0005-mediacodec-check-whether-cropping-is-set-before-use.patch	502386fac9be82fbce7e9dfd4541c9225e455260	1500	17acef8ba85a05eb5df9d9d1bf221f62ad7447c6345cd81c18c14b828b222898
patches/master/0006-avcodec-add-AV_HWACCEL_FLAG_ALLOW_SOFTWARE.patch	6b93899dfa96b9368fd38f8a692adb61a59b400e	2529	c02cb1fa716d1a1d42777b390d22fa0481090cfff3ee09d6272b41b629f410f8
patches/master/0007-videotoolbox-allow-software-implementation.patch	1ff3e2ff9eeb6fd06fcb6c14a466f4544042f0be	1544	221272a47b69085247b14e576ef142dd30f966204060b49a19d394d47524c28f
patches/master/0008-h264-increase-MAX_SLICES-to-64.patch	645ac901e2e5584d1ad977ccbc944965f799c0ce	754	8fd1485be82a945da2d2299f9d7baf3e5a0df27f3216fc38395d917540a9fbaa
patches/master/0009-mmal-add-vp8-mjpeg-wmv3.patch	03fdf75642a928942ac9af046824b84ce9c57b4e	4815	0cd665eeb6a4aea3500189c5ebd9e6f4fcfbc0d3114d6830589d53d9d8ba6555
patches/master/0010-mmal-add-option-copy_frame-to-support-retrieving-sw-.patch	40b1f7b58010c8517176cdea9a76fbb8b20e53d6	3476	612569a4da25ee68ed3ce33591d7fef5d2ec0b77eb810c3948c0681a048085f8
patches/master/0011-videotoolbox-remove-opengl-compatibility-attribute.patch	b8448620089185d62cfed36f3f0256ed4832f972	1839	0a7ceb2eb38e5fb5f955484489c4aadbefac321c21b6ba3717cfd4c0cf853d5a
patches/master/0012-configure-do-not-filter-libpath-for-msvc.patch	3290a1d8e0f2ce28be9c32a90588aa65a209c5ec	802	75f742b2b91d5018001f7a1f1f61df0e56a4d9d7cd3354ee3d2009939536a47b
patches/master/0013-configure-enable-icf.patch	5614aee7cc3330ad85d3e0f2732de24ba2f93329	690	99e04a2365f75821fd95827b85f4bba3fe21ded15d21a23a63a6904759c18c95
patches/master/0014-configure-suppor-static-build-via-clang-cl.patch	79b04853836ae01e333941f59c3ff20c644d2615	1145	ebc9cbaf0b56314a30124a4735ac2befeac6fcbf3ecfe350f6526c462359f08d
patches/master/0015-nvenc-use-runtime-api-version-to-work-with-old-drive.patch	410561aa6935830b9b4487f6e56469b5e54ea3f4	11342	9b59f50948afb31778f8773267a330be4cdb613f5e5d57ba295d9c4ba1718cc8
patches/master/0016-nvenc-check-sdk-10.0-ptrs-at-runtime.patch	f2210bcf20d48840cb5b2dba3251b2edbb420986	837	461022a2e9b56c6da6b9317cf1c96418e2b6b3e84587c4f1919343b31b6c4411
patches/master/0017-lavfi-atempo-fix-large-tempo-4-crash-lower-min.patch	8b68305de8aa21399ff8b6cf71da15491774123b	1128	b91ae9988e8d612f13dd183484cda38d23febd3c3f45f67f6f18a761aeef4f60
patches/master/0018-msvc-fix-long-argument-list-error-on-windows.patch	230c8a9d80591d5d959f2d51ff9eb57510536035	1384	5494986631e32b033e2ec805c6ca41839db0d3794ce5a2c2ea0d89a7d6bbac6e
patches/master/0019-configure-rewrite-flags-from-pkg-config-for-msvc-in-.patch	a51a0d8312fe8a2966285113f2ea53dedb6712bc	1329	081c524d6825a0f8459eeefb3e862c6948d24ca4140c71fa0e3be137818eef6e
patches/master/0020-win-enable-windres-for-small-and-msvc.patch	08277712af92a44f1f68d9d73dc1c4a8638db818	1247	a1b029e34b19746942f38f2c84b3611b9e9d4204d551e855e9ad283c30ef1c18
patches/master/0021-configure-add-extra-windresflags.patch	c97ad122bc5a562e1528f2f80b4aac356d83a092	2449	86a0ba4845e66bde923b016af5f5544dd12cf75f073d1c50eeae0bceada61898
patches/master/0022-add-h264-max-bit-depth-to-disable-rarely-used-depths.patch	f297268c7c6ec25f569df518d0e9dcce24b82f5a	10884	4df6735619b3b34d89fcff026b9b74aef5a07ab4389531ce8f1ef6a6b9159130
patches/master/0023-wolfSSL-new-TLS-backend-patch.patch	4f5b3653cd53e5972844a3bc4b304d6eb7804c3e	15709	da535aa5a6459b7b2729ad236a20b5c4386d8484bf84d0845814214a200bfea6
patches/master/0024-avformat-mpegts-index-only-keyframes-to-ensure-accur.patch	f6511d59b378ceb529aad66c7370fdb8f699503f	1145	d23c876518abfb44e2510f8d8b9b93b065ff73a462ccb5cc121acb89cb35e3a6
patches/master/0025-windows-shared-static-libs-in-one-build.patch	c562bfed7b71079399cac7865a33c3ff9d16d0e3	1763	961f1d3542f4ee8261fba63f5a899adcc98dc60956a38bce87f5e1a65e3ce764
patches/master/0026-Revert-avutil-timestamp-change-precision-of-av_ts_ma.patch	8baaac55397098cbc4a2255406c4cbe75085a8e2	3609	b6166006d78173bceb4b2e63cf593e5c69c7e38ab1360d01a3a13cbcc2437311
patches/master/0027-hls-support-segments-pretend-to-be-gif-png.patch	1f8b11b3cc4e45b8a2e24eb500296642dcd7cfa1	3081	4c32f4913e3fdd7869577ad439c6ce7d10b43cce44c9b61c24ad123e147d1b18
patches/master/0028-matroskadec-support-S_TEXT-WEBVTT.patch	0b955d12b11a541c7e201da32f826749ab588bf7	3664	46880dfc5d161a8d8453164d624265b2af1c54e4dd34eedc75ec4e60f3b32983
patches/master/0029-avutil-mem_internal-fix-clang-vcrt-build.patch	7313e8b72e855039f7a09711e0567ee27980ceab	2237	628f72eb7251760523c3b9a99e7fc31217421ba31fc6dbab7143bdb3a4a02fd6
patches/master/0030-add-h265-bit-depths.patch	2ae3314c5a17b26b7fd63fba75beee783a0a6ce9	4208	bb17365539cd2e2b1d597802f55808e59ab92ec7460f12807aab12529c9a2a75
patches/master/0031-nvenc-support-api-version-12.0-api-option.patch	a5e0f5971efd0db030911c7950d5c7b9371e64a7	11574	a9319dcbaca05c2dfffd2f48820ae7bf2bfc8b5b3f46753bca0474334ed2a043
patches/master/0032-nvenc-support-all-versions-in-1-build.patch	8f37277fb3c7f40b09d9382ec9ea39810f2153b5	18311	f42805e38679108ec03ca7acfd045767fb50884a7224446f2a11da179b4bd6c6
patches/master/0033-hls-allow-playlist-w-o-extension.patch	ddba168957d47ad314ab7af4497a6a0783526591	1034	e5262d587f7456fe9ffce42d08175df8a66819a10b3fcc95640c5f93fa6e2951
patches/master/0034-apple-fix-build-for-low-target-version.patch	3982759c7a8593dde4aec2d3330c37b2089a6dd1	3582	2633cd6b5f9378516793967225c9129c964dd237aa3333cef13346e2c18ae44f
patches/master/0035-ffbuild-filter-out-showIncludes-for-windres.patch	8edb649ebd23133dc496e593916f58e86c21d264	920	e358d1e4a7eeef41817e0e9bfdd6b24b4c46641ea27bcfe39e0c9c822e83cd5c
avbuild.sh	c7b10a57df3a36cb0ace2a74bc8600b781fe3b99	87857	0682216413eea71f72587a86721346fe617d5a6cb862359f0873ff90fcc39be2
tools/mklibffmpeg.sh	8b7004f9aab977bcabda3b51a8d81ed2329586df	7080	41df5650fc89853c0ce151ec8da8f8368396e5a2f575fbf518a0a3aefb25f275
tools/vcbuild.bat	d91a596e85a7d8b13a83ee7fc17ebfc0a4902d63	9678	5237e4b0858048dc8e2043b297f15f9ff2afcc5324d07b942f84f6c1e6e8ce64
.github/workflows/build.yml	5f37469c4f83eb0bf23bbcdf34f28d40a79c8dea	27603	1b8e25785daf69f69210bba9321f0adc8553ec910467719786c12751a97495a7
