31360	nvcuda.dll
31467	nvEncodeAPI64.dll
35278	1.19.0
35280	%s / VAAPI %s / %s
35437	FFmpeg version git-2026-09-17-590fb40-avbuild
35438	--extra-version=avbuild --disable-doc --disable-debug --enable-shared --enable-runtime-cpudetect --disable-iamf --disable-response-files --enable-mediafoundation --enable-libvpl --toolchain=msvc --windres=llvm-windres --extra-windresflags='--target=x86_64-pc-windows-msvc -I/c/Program\ Files/Microsoft\ Visual\ Studio/18/Enterprise/VC/Tools/MSVC/14.51.36231/include -I/c/Program\ Files/Microsoft\ Visual\ Studio/18/Enterprise/VC/Tools/MSVC/14.51.36231/ATLMFC/include -I/c/Program\ Files/Microsoft\ Visual\ Studio/18/Enterprise/VC/Auxiliary/VS/include -I/c/Program\ Files\ \(x86\)/Windows\ Kits/10/include/10.0.26100.0/ucrt -I/c/Program\ Files\ \(x86\)/Windows\ Kits/10/include/10.0.26100.0/um -I/c/Program\ Files\ \(x86\)/Windows\ Kits/10/include/10.0.26100.0/shared -I/c/Program\ Files\ \(x86\)/Windows\ Kits/10/include/10.0.26100.0/winrt -I/c/Program\ Files\ \(x86\)/Windows\ Kits/10/include/10.0.26100.0/cppwinrt -I/c/Program\ Files\ \(x86\)/Windows\ Kits/NETFXSDK/4.8.1/include/um' --disable-stripping --enable-pic --extra-cflags='-I/d/a/avbuild/avbuild/tools/Vulkan-Headers/include -I/d/a/avbuild/avbuild/tools -MD -FS -guard:cf -Z7 -I/d/a/avbuild/avbuild/tools/dep/include -D_WIN32_WINNT=0x0600' --extra-cxxflags='-I/d/a/avbuild/avbuild/tools/Vulkan-Headers/include -I/d/a/avbuild/avbuild/tools -MD -FS -guard:cf -Z7 -I/d/a/avbuild/avbuild/tools/dep/include -D_WIN32_WINNT=0x0600' --extra-ldflags='-NODEFAULTLIB:libcmt -DEBUG -guard:cf -OPT:REF -SUBSYSTEM:CONSOLE' --enable-small --disable-outdevs --disable-filters --disable-muxers --disable-encoders --disable-decoders --disable-demuxers --disable-protocols --disable-filter=scale_cuda --enable-decoder='*sub*,movtext,*web*,aac*,ac3*,eac3*,alac*,amr*,ape,apv,ass,av1*,ccaption,cfhd,cook,dca,dnxhd,exr,truehd,*yuv*,flv,flac,gif,h26[3-4]*,hevc*,hap,mp[1-3]*,prores*,*[mj]peg*,mlp,mpl2,mss*,nellymoser,opus,pcm*,qtrle,*png*,tiff,rawvideo,rv[1-4]*,sami,srt,ssa,v210*,vc1*,vorbis,vp[6-9]*,wm*,wrapped_avframe,ffv*' --enable-demuxer='*sub*,sup,*ac3,*ac,*avs*,*[mj]peg*,*vc*,*web*,au,amr*,ape,ass,av[1i],concat,dhav,dnxhd,dts*,*dash*,*flv,gif,hls,h264,kux,matroska,mov,mp3,mxf,obu,ogg,pcm*,rawvideo,rt*p,spdif,srt,v210*,wav,*pipe,image2,mlv,nsv,nut' --enable-encoder='*_at,aac,gif,h26[3-4]*,av1*,hevc*,mjpeg*,*png,opus,pcm*,prores*,rawvideo,spdif,speedhq,*png,vp[8-9]*,wrapped_avframe,ff*,*nvenc,*qsv,*v4l2m2m,*vaapi,*yuv*' --enable-muxer='mjpeg,fifo,flv,gif,hls,h264,hevc,image2,mov,mp4,mpegts,matroska,null,pcm*,rawvideo,rt*,spdif,*pipe,*segment,webm,wav,dash,nu*,og*' --enable-filter='*null*,afade,*fifo,*format,*resample,aeval,atempo,pan,crop,eq*,framerate,hw*,loudnorm,scale*,volume,yadif*,*movie,overlay,*_vulkan,_*vaapi,*_qsv,*_d3d*,*_vt,tonemap*,allrgb,allyuv,*bars,color,test*,*key,draw*,*_qsv,*_vaapi,*v4l2*' --disable-filter='[^h]*_cuda' --enable-protocol='cache,concat*,crypto*,data,fd,*file,ftp,h*,i*,pipe,rt*,s*,t*,u*,libcurl'
35439	libavcodec license: LGPL version 2.1 or later
38067	FFmpeg version git-2026-09-17-590fb40-avbuild
38068	libavdevice license: LGPL version 2.1 or later
38675	FFmpeg version git-2026-09-17-590fb40-avbuild
38676	libavfilter license: LGPL version 2.1 or later
45138	FFmpeg version git-2026-09-17-590fb40-avbuild
45139	libavformat license: LGPL version 2.1 or later
45610	amfrt64.dll
45852	ytvulkan-1.dll
46064	 is not implemented. Update your FFmpeg version to the newest one from Git. If the problem still occurs, it means that your file has a feature which has not been implemented.
46605	FFmpeg version git-2026-09-17-590fb40-avbuild
46607	libavutil license: LGPL version 2.1 or later
46892	FFmpeg version git-2026-09-17-590fb40-avbuild
46893	libswresample license: LGPL version 2.1 or later
47275	@libswscale license: LGPL version 2.1 or later
47456	LoaderCtxVPL::BuildListOfCandidateLibs
47457	LoaderCtxVPL::CheckValidLibraries
47458	LoaderCtxVPL::UnloadAllLibraries
47459	LoaderCtxVPL::QueryLibraryCaps
47460	LoaderCtxVPL::QueryImpl
47461	LoaderCtxVPL::ReleaseImpl
47462	LoaderCtxVPL::UpdateValidImplList
47463	LoaderCtxVPL::PrioritizeImplList
47464	LoaderCtxVPL::CreateSession
47466	LoaderCtxVPL::AddConfigFilter
47467	LoaderCtxVPL::FreeConfigFilters
47470	LoaderCtxVPL::LoadLibsLowLatency
47471	mfxhw64
47797	mfxhw64
47798	MSDK,x64
47801	incorrect header check
47816	invalid distance too far back
47827	need dictionary
47834	incompatible version
47840	vaInitialize
50030	U16:Copyright (C) 2000-2026 FFmpeg Project
50036	U16:git-2026-09-17-590fb40-avbuild
