component	role	btbn_script	pinned_ref	resolved_commit	fetched_from	primary_or_mirror	status	notice_files
ffmpeg	direct		46d8f462ee	46d8f462eeb87ee1f704d8c44a0ee24fca471ad1	https://github.com/FFmpeg/FFmpeg.git	pinned-url	collected	COPYING.GPLv2 COPYING.GPLv3 COPYING.LGPLv2.1 COPYING.LGPLv3 CREDITS LICENSE.md
btbn-ffmpeg-builds	build-scripts		9acad4a9ef1583096af7836cc1e9c8cbcb4d3950	9acad4a9ef1583096af7836cc1e9c8cbcb4d3950	https://github.com/BtbN/FFmpeg-Builds.git	pinned-url	collected	LICENSE
mingw-std-threads	toolchain	scripts.d/10-mingw-std-threads.sh	c931bac289dd431f1dd30fc4a5d1a7be36668073	c931bac289dd431f1dd30fc4a5d1a7be36668073	https://github.com/meganz/mingw-std-threads.git	pinned-url	collected	LICENSE
mingw-w64	runtime	scripts.d/10-mingw.sh	57b595039040eaa15bece85b7cc71d952281b269	57b595039040eaa15bece85b7cc71d952281b269	https://github.com/mingw-w64/mingw-w64.git	alternate-url (same git commit id)	collected	AUTHORS COPYING COPYING.MinGW-w64-runtime/COPYING.MinGW-w64-runtime.txt COPYING.MinGW-w64/COPYING.MinGW-w64.txt DISCLAIMER DISCLAIMER.PD mingw-w64-crt/gdtoa/README mingw-w64-crt/profile/COPYING mingw-w64-libraries/winpthreads/COPYING
zlib	dep	scripts.d/20-zlib.sh	767c4c947852e143f582c85f14cf573411df1b35	767c4c947852e143f582c85f14cf573411df1b35	https://github.com/madler/zlib.git	pinned-url	collected	LICENSE
vmaf	dep	scripts.d/45-vmaf.sh	86da14d0306a138fd3f01319860b905169746516	86da14d0306a138fd3f01319860b905169746516	https://github.com/Netflix/vmaf.git	pinned-url	collected	LICENSE
vulkan-headers	dep	scripts.d/47-vulkan/40-vulkan-headers.sh	v1.4.363	6802bb4733b63ed5efd3adb308a6c885ef180ea1	https://github.com/KhronosGroup/Vulkan-Headers.git	pinned-url	collected	LICENSE.md LICENSES/Apache-2.0.txt LICENSES/MIT.txt
vulkan-shim-loader	dep	scripts.d/47-vulkan/45-vulkan-loader.sh	65b3936528cd92eb4ea3de485d03f858a3850484	65b3936528cd92eb4ea3de485d03f858a3850484	https://github.com/BtbN/Vulkan-Shim-Loader.git	pinned-url	collected	LICENSE
shaderc	dep	scripts.d/47-vulkan/50-shaderc.sh	a8abeb0b8a9d4b11e3d59ca9f4550b8213e733ab	a8abeb0b8a9d4b11e3d59ca9f4550b8213e733ab	https://github.com/google/shaderc.git	pinned-url	collected	AUTHORS LICENSE license-checker.cfg
spirv-cross	dep	scripts.d/47-vulkan/55-spirv-cross.sh	aa217aeb6c9f0ace7a0ab233b28807edf45eb165	aa217aeb6c9f0ace7a0ab233b28807edf45eb165	https://github.com/KhronosGroup/SPIRV-Cross.git	pinned-url	collected	LICENSE LICENSES/Apache-2.0.txt LICENSES/CC-BY-4.0.txt LICENSES/LicenseRef-KhronosFreeUse.txt LICENSES/MIT.txt
spirv-headers	dep	scripts.d/47-vulkan/60-spirv-headers.sh	2b7475f6d664efbad4d4315c94ecec9640831e5b	2b7475f6d664efbad4d4315c94ecec9640831e5b	https://github.com/KhronosGroup/SPIRV-Headers.git	pinned-url	collected	LICENSE LICENSES/CC-BY-4.0.txt LICENSES/MIT.txt
amf	dep	scripts.d/50-amf.sh	6277e353fd625121a8f627b1d0540323ef372a49	6277e353fd625121a8f627b1d0540323ef372a49	https://github.com/GPUOpen-LibrariesAndSDKs/AMF.git	pinned-url	collected	LICENSE.txt
aom	dep	scripts.d/50-aom.sh	b4ce2cd097b00921b0327bfb5f07b5f8361ade99				GAP:fetch-failed	
dav1d	dep	scripts.d/50-dav1d.sh	9711965b60bb692ae24004659acf61f5c7d9ed61	9711965b60bb692ae24004659acf61f5c7d9ed61	https://github.com/videolan/dav1d.git	alternate-url (same git commit id)	collected	COPYING
nv-codec-headers	dep	scripts.d/50-ffnvcodec.sh	eddcea9e27f6b772057c9b3f87de2cc1737faffc	eddcea9e27f6b772057c9b3f87de2cc1737faffc	https://github.com/FFmpeg/nv-codec-headers.git	pinned-url	collected	dynlink_cuda.h.notice-excerpt.txt dynlink_loader.h.notice-excerpt.txt nvEncodeAPI.h.notice-excerpt.txt
libvpl	dep	scripts.d/50-onevpl.sh	674d015bcb294bc39fa276e99a652ea045423e82	674d015bcb294bc39fa276e99a652ea045423e82	https://github.com/intel/libvpl.git	pinned-url	collected	LICENSE
rav1e	dep	scripts.d/50-rav1e.sh	31435de9d76fddd38f6dcc31d4014574cebb2092	31435de9d76fddd38f6dcc31d4014574cebb2092	https://github.com/xiph/rav1e.git	pinned-url	collected	LICENSE PATENTS license_template.txt
svt-av1	dep	scripts.d/50-svtav1.sh	5ed9ffbcb5086da23f30fe9bc5b00145358462da	5ed9ffbcb5086da23f30fe9bc5b00145358462da	https://gitlab.com/AOMediaCodec/SVT-AV1.git	pinned-url	collected	LICENSE-BSD2.md LICENSE.md PATENTS.md
x264	dep	scripts.d/50-x264.sh	0480cb05fa188d37ae87e8f4fd8f1aea3711f7ee	0480cb05fa188d37ae87e8f4fd8f1aea3711f7ee	https://github.com/mirror/x264.git	alternate-url (same git commit id)	collected	AUTHORS COPYING
x265	dep	scripts.d/50-x265.sh	020d7054dbecfd3be8e62efe33ff8a305d41856e	020d7054dbecfd3be8e62efe33ff8a305d41856e	https://github.com/Multicorewareinc/x265.git	pinned-url	collected	COPYING
glslang	sub-of-shaderc		e1b562a8bed273a02f30b59b66a5d499793cede5	e1b562a8bed273a02f30b59b66a5d499793cede5	https://github.com/KhronosGroup/glslang.git	pinned-url	collected	LICENSE.txt LICENSES/AML-glslang.txt LICENSES/Apache-2.0.txt LICENSES/BSD-2-Clause.txt LICENSES/BSD-3-Clause.txt LICENSES/Bison-exception-2.2.txt LICENSES/GPL-3.0-or-later.txt LICENSES/MIT-Khronos-old.txt LICENSES/MIT.txt license-checker.cfg
spirv-tools	sub-of-shaderc		ef96ed763b43b59b33b31b362f09a02b729fa1c9	ef96ed763b43b59b33b31b362f09a02b729fa1c9	https://github.com/KhronosGroup/SPIRV-Tools.git	pinned-url	collected	LICENSE
spirv-headers-shaderc	sub-of-shaderc		04fd3caa1e8267e4d95c806cad901181728e1006	04fd3caa1e8267e4d95c806cad901181728e1006	https://github.com/KhronosGroup/SPIRV-Headers.git	pinned-url	collected	LICENSE LICENSES/CC-BY-4.0.txt LICENSES/MIT.txt
abseil-cpp-shaderc	sub-of-shaderc-buildonly?		dbf88f932096c7f7714356e919f04749eb87c3e9	dbf88f932096c7f7714356e919f04749eb87c3e9	https://github.com/abseil/abseil-cpp.git	pinned-url	collected	AUTHORS LICENSE
re2-shaderc	sub-of-shaderc-buildonly?		972a15cedd008d846f1a39b2e88ce48d7f166cbd	972a15cedd008d846f1a39b2e88ce48d7f166cbd	https://github.com/google/re2.git	pinned-url	collected	LICENSE
gcc	toolchain-runtime		releases/gcc-16.2.0	78d4ac73dd391005b895a6148cd9831e28e1208b	https://github.com/gcc-mirror/gcc.git	gcc-mirror tag releases/gcc-16.2.0; build used the GNU release tarball (ct-ng-config CT_GCC_VERSION=16.2.0), not hash-verified here	collected	COPYING COPYING.LIB COPYING.RUNTIME COPYING3 COPYING3.LIB
rust-std	rust-std (rustc commit embedded in avcodec-63.dll)		1.99.0	b940084d7eb6a299eb4bfeb8e34901bc051e7ac4	https://github.com/rust-lang/rust.git	rust-lang tag 1.99.0 = rustc commit embedded in avcodec-63.dll; toolchain installed unpinned by rustup	collected	COPYRIGHT LICENSE-APACHE LICENSE-MIT LICENSES/Apache-2.0.txt LICENSES/BSD-2-Clause.txt LICENSES/CC-BY-SA-4.0.txt LICENSES/GCC-exception-3.1.txt LICENSES/GPL-2.0-only.txt LICENSES/GPL-3.0-or-later.txt LICENSES/ISC.txt LICENSES/LLVM-exception.txt LICENSES/MIT.txt LICENSES/NCSA.txt LICENSES/OFL-1.1.txt LICENSES/Unicode-3.0.txt license-metadata.json
