component	pin	file	bytes	sha256	official_source
aom	b4ce2cd097b0	AUTHORS	13178	c31b80ca48fde06ca03aef2f3dec15413fe0c2661fe6b56e86ccd69dbc6f9a1d	https://aomedia.googlesource.com/aom b4ce2cd097b00921b0327bfb5f07b5f8361ade99:AUTHORS
aom	b4ce2cd097b0	LICENSE	1316	4764a286d8b2faeaf42f4418e7d7a28d58fc8fd4d00a3d0a7f44b0a4099de7f2	https://aomedia.googlesource.com/aom b4ce2cd097b00921b0327bfb5f07b5f8361ade99:LICENSE
aom	b4ce2cd097b0	PATENTS	5701	661fb8e504744e95587b556b94a58343448300606a41bea8c7a9b97125696e61	https://aomedia.googlesource.com/aom b4ce2cd097b00921b0327bfb5f07b5f8361ade99:PATENTS
libiconv	1df3087ba811	AUTHORS	31	ed10ef2a01effb12849006d43262ffde5cf72a7d5423bbc8aa66fc6959774c0c	https://git.savannah.gnu.org/git/libiconv.git 1df3087ba8110c7f3ed3eb5f8869b814dbbe00b0:AUTHORS
libiconv	1df3087ba811	COPYING	35147	8ceb4b9ee5adedde47b31e975c1d90c73ad27b6b165a1dcd80c7c545eb65b903	https://git.savannah.gnu.org/git/libiconv.git 1df3087ba8110c7f3ed3eb5f8869b814dbbe00b0:COPYING
libiconv	1df3087ba811	COPYING.LIB	26419	20e50fe7aae3e56378ebf0417d9de904f55a0e61e4df315333e632a4d3555d95	https://git.savannah.gnu.org/git/libiconv.git 1df3087ba8110c7f3ed3eb5f8869b814dbbe00b0:COPYING.LIB
pixman	96c04d1b8793	AUTHORS	0	e3b0c44298fc1c149afbf4c8996fb92427ae41e4649b934ca495991b7852b855	https://gitlab.freedesktop.org/pixman/pixman.git 96c04d1b87934dc4b9396197a2dff737698ab310:AUTHORS
pixman	96c04d1b8793	COPYING	2087	fac9270f0987b96ff4533fca3548c633e02083cbba4a0172a3b149b2e4019793	https://gitlab.freedesktop.org/pixman/pixman.git 96c04d1b87934dc4b9396197a2dff737698ab310:COPYING
libbluray	a24f4fad4d62	COPYING	24478	b3aa400aca6d2ba1f0bd03bd98d03d1fe7489a3bbb26969d72016360af8a5c9d	https://code.videolan.org/videolan/libbluray.git a24f4fad4d62893de647abc8671397747b2359dd:COPYING
libdvdcss	811ce97a1d4d	AUTHORS	1708	b2de31ac3382bbadd18eb2f9abea4e209372c62bdf722c96a62043ad074e93b1	https://code.videolan.org/videolan/libdvdcss.git 811ce97a1d4d1c9d936f4b2707f533a9ef768251:AUTHORS
libdvdcss	811ce97a1d4d	COPYING	18092	8177f97513213526df2cf6184d8ff986c675afb514d4e68a404010521b880643	https://code.videolan.org/videolan/libdvdcss.git 811ce97a1d4d1c9d936f4b2707f533a9ef768251:COPYING
libdvdread	0f30df53125b	AUTHORS	947	e49066cd889298c75cf2b37167557004c43112ec6be90c487644fc6b3b737fcf	https://code.videolan.org/videolan/libdvdread.git 0f30df53125b564ef45903714403ce0a1e6c5e9e:AUTHORS
libdvdread	0f30df53125b	COPYING	18097	d6cb0e9e560f51085556949a84af12b79a00f10ab8b66c752537faf7cd665572	https://code.videolan.org/videolan/libdvdread.git 0f30df53125b564ef45903714403ce0a1e6c5e9e:COPYING
libdvdnav	8147ccd35e5a	AUTHORS	455	0d688bcf35faf86f4d9747f677da278189932eead3f1d05cde637d9ea93a7816	https://code.videolan.org/videolan/libdvdnav.git 8147ccd35e5aae4afdd21171cf7b6b4d8f179d28:AUTHORS
libdvdnav	8147ccd35e5a	COPYING	17992	32b1062f7da84967e7019d01ab805935caa7ab7321a7ced0e30ebe75e5df1670	https://code.videolan.org/videolan/libdvdnav.git 8147ccd35e5aae4afdd21171cf7b6b4d8f179d28:COPYING
libudfread	b0bc6957e7e0	COPYING	26530	dc626520dcd53a22f727af3ee42c770e56c97a64fe3adb063799d8ab032fe551	https://code.videolan.org/videolan/libudfread.git b0bc6957e7e07d5f35391f210596d9eb71cffdd9:COPYING
librist	4f45ef8f7898	COPYING	1319	b9841591a3452ee30033d8e3586c7b1244a0b2fc1dc6cb04576957c313cb2792	https://code.videolan.org/rist/librist.git 4f45ef8f78983892d52ccd52d9f675435b23738f:COPYING
